{
  "summary": {
    "total_queries": 5,
    "domains_covered": 5,
    "mean_latency": 3.180938243865967,
    "p90_latency": 3.7244311332702638,
    "overall_metrics": {
      "hallucination_reduction": 0.8215520455895456,
      "source_grounding": 0.060360855360855364,
      "confidence_calibration": 1.0,
      "exact_match": 0.0,
      "precision@5": 0.0,
      "trace_score": 0.07384375
    }
  },
  "metrics": {
    "exact_match": {
      "hotpotqa": 0.0,
      "pubmedqa": 0.0,
      "cuad": 0.0,
      "finqa": 0.0,
      "techqa": 0.0,
      "overall": 0.0
    },
    "precision@k": {
      "hotpotqa": 0.0,
      "pubmedqa": 0.0,
      "cuad": 0.0,
      "finqa": 0.0,
      "techqa": 0.0,
      "overall": 0.0
    },
    "recall@k": {
      "hotpotqa": 0.0,
      "pubmedqa": 0.0,
      "cuad": 0.0,
      "finqa": 0.0,
      "techqa": 0.0,
      "overall": 0.0
    },
    "trace_scores": {
      "hotpotqa": 0.0,
      "pubmedqa": 0.0,
      "cuad": 0.0,
      "finqa": 0.28401442307692304,
      "techqa": 0.0,
      "overall": 0.05680288461538461
    },
    "hallucination_scores": {
      "hotpotqa": 1.0,
      "pubmedqa": 1.0,
      "cuad": 0.5,
      "finqa": 0.23432747995247993,
      "techqa": 1.0,
      "overall": 0.746865495990496
    },
    "confidence_calibration": {
      "hotpotqa": 1.0,
      "pubmedqa": 1.0,
      "cuad": 1.0,
      "finqa": 0.784014423076923,
      "techqa": 1.0,
      "overall": 0.9568028846153845
    },
    "source_overlap": {
      "hotpotqa": 0.0,
      "pubmedqa": 0.0,
      "cuad": 0.0,
      "finqa": 0.2012028512028512,
      "techqa": 0.0,
      "overall": 0.04024057024057024
    },
    "latency": {
      "mean": 3.180938243865967,
      "median": 2.955803871154785,
      "min": 2.7329459190368652,
      "max": 3.8663992881774902,
      "p90": 3.7244311332702638,
      "p99": 3.8522024726867676
    },
    "aggregate_scores": {
      "mean_hallucination_reduction": 0.746865495990496,
      "mean_source_grounding": 0.04024057024057024,
      "mean_confidence_calibration": 0.9568028846153845,
      "p90_latency": 3.7244311332702638
    }
  }
}