{
  "doc_1745568253_b6ygxs": {
    "dim": 384,
    "count": 0,
    "created_at": 1745568257.536906
  },
  "doc_1745568389_rgs3fv": {
    "dim": 384,
    "count": 0,
    "created_at": 1745568390.551973
  }
}